Founder,Company,Satus
Allan Grant,Curebit,Operating
 Dominic Coryell,Curebit,Operating
 Jeff Yee,Curebit,Operating
 Nori Yoshida,Curebit,Operating
Joe Ariel,Goldbely,Operating
 Joel Gillman,Goldbely,Operating
 Trevor Stow,Goldbely,Operating
 Vanessa Torrivilla,Goldbely,Operating
Alex Cavoulacos,theDailyMuse,Operating
 Kathryn Minshew,theDailyMuse,Operating
 Melissa McCreery,theDailyMuse,Operating
Brandon Arbini,Zencoder,Exited
 Jon Dahl,Zencoder,Exited
 Steve Heffernan,Zencoder,Exited
Ray Grieselhuber,GinzaMetrics,Operating
Chad Powell,Bloomthat,Operating
 David Bladow,Bloomthat,Operating
 Matthew Schwab,Bloomthat,Operating
Kevin Lindsey,PIxate,Operating
 Paul Colton,PIxate,Operating
Eric Wu,Movity,Exited
 Sha Hwang,Movity,Exited
 Vaughn Koch,Movity,Exited
Evan Beard,Etacts,Exited
 Howie Liu,Etacts,Exited
Anton Brevde,Asseta,Operating
 Danial Afzal,Asseta,Operating
 Garrett Beck,Asseta,Operating
 Jonathan Pease,Asseta,Operating
Bob Aspell,SimplyInsured,Operating
 Vivek Shah,SimplyInsured,Operating
Daishin Sugano,Superb (was GrubWithUs),Operating
 Eddy Lu,Superb (was GrubWithUs),Operating
Brendan Lim,Kicksend,Operating
 Pradeep Elankumaran,Kicksend,Operating
Harry Zhang,Lob,Operating
 Leore Avidar,Lob,Operating
Jason Kim,Foodoro,Operating
JP Ren,Snapjoy,Exited
 Michael Dwan,Snapjoy,Exited
Savraj Singh,Wattvision,Operating
Alek Strygin,GetGoing,Operating
 Alek Vernitsky,GetGoing,Operating
 Eli Rosenberg,GetGoing,Operating
 Ilya Gluhovsky,GetGoing,Operating
Julien Lemoine,Algolia,Operating
Alex Solomon,PagerDuty,Operating
 Andrew Miklas,PagerDuty,Operating
 Baskar Puvanathasan,PagerDuty,Operating
Brian Groudan,PayTango,Operating
 Christian Reyes,PayTango,Operating
 Kelly Lau-Kee,PayTango,Operating
 Umang Patel,PayTango,Operating
Jared Heyman,CrowdMed,Operating
 Jessica Greenwalt,CrowdMed,Operating
 Leonardo Setyanto,CrowdMed,Operating
Brian Chesky,AirBnb,Operating
 Joe Gebbia,AirBnb,Operating
 Nathan Blecharczyk,AirBnb,Operating
Marie Brattberg,Heysan,Exited
 Michael Ossareh,Heysan,Exited
 PÃ¤r Lindhe,Heysan,Exited
Christopher Steiner,Aisle50,Operating
 Riley Scott,Aisle50,Operating
Adam Kocoloski,Cloudant,Exited
 Alan Hoffman,Cloudant,Exited
 Michael Miller,Cloudant,Exited
Hiroki Takeuchi,GoCardless,Operating
 Matt Robinson,GoCardless,Operating
Gaurav Sharma,chute,Operating
 Gregarious Narain,chute,Operating
 Ranvir Gujral,chute,Operating
Keven Lin,SocialPicks,Exited
 Weiting Liu,SocialPicks,Exited
Severin Smith,Minuum,Operating
 Will Walmsley,Minuum,Operating
 Xavier Snelgrove,Minuum,Operating
Solomon Hykes,Dotcloud,Exited
Justin Kan,Justin.tv,Dead
 Kyle Vogt,Justin.tv,Dead
Art Gibson,Embedly,Operating
 Sean Creeley,Embedly,Operating
Ilan Zechory,RapGenius,Operating
 Mahbod Moghadam,RapGenius,Operating
 Tom Lehman,RapGenius,Operating
Abigail Kirigin,Tipjoy,Dead
 Ivan Kirigin,Tipjoy,Dead
Gagan Palrecha,Chirply,Operating
 Neel Palrecha,Chirply,Operating
Jakub Krzych,Estimote,Operating
 Lukasz Kostka,Estimote,Operating
 Nicholas Chirls,Estimote,Operating
Mehul Shah,Mertado,Exited
 Rajiv Bhat,Mertado,Exited
 Vijay Chittoor,Mertado,Exited
Andy Huibers,Bump,Exited
 David Lieb,Bump,Exited
 Jake Mintz,Bump,Exited
Charles Forman,OMGPOP,Exited
Jared Friedman,Scribd,Operating
 Tikhon Bernstam,Scribd,Operating
 Trip Adler,Scribd,Operating
Alex Mittal,FundersClub,Operating
 Boris Silver,FundersClub,Operating
Antonio Garcia-Martinez,AdGrok,Exited
 Argyris Zymnis,AdGrok,Exited
 Matthew McEachen,AdGrok,Exited
Julian Frumar,Omnisio,Exited
 Ryan Junee,Omnisio,Exited
 Simon Ratner,Omnisio,Exited
Harjeet Taggar,Auctomatic,Exited
 Kulveer Taggar,Auctomatic,Exited
 Patrick Collison,Auctomatic,Exited
Robby Walker,Greplin,Exited
Kulveer Taggar,Tagstand,Operating
 Omar Seyal,Tagstand,Operating
 Srini Panguluri,Tagstand,Operating
Michael Young,CarWoo,Dead
 Tommy McClung,CarWoo,Dead
Esther Park,Tastemaker,Operating
 Joe Fraiman,Tastemaker,Operating
 Juan Vasquez,Tastemaker,Operating
 Kyle Larson,Tastemaker,Operating
Adam Prout,MemSQL,Operating
 Eric Frenkiel,MemSQL,Operating
 Nikita Shamgunov,MemSQL,Operating
Aaron O'Connell,42floors,Operating
 Alison Di Spaltro,42floors,Operating
 Ben Ehmke,42floors,Operating
 Darren Nix,42floors,Operating
 James Bracy,42floors,Operating
 Jason Freedman,42floors,Operating
 Jon Bracy,42floors,Operating
 Justin Bedecarre,42floors,Operating
Laks Srini,Zenefits,Operating
 Parker Conrad,Zenefits,Operating
Martin Kleppmann,Rapportive,Exited
 Sam Stokes,Rapportive,Exited
Arun Gupta,Wakemate,Dead
 Craig Lewiston,Wakemate,Dead
 Greg Nemeth,Wakemate,Dead
 Tom Davis,Wakemate,Dead
Greg Laughlin,Statwing,Operating
 John Le,Statwing,Operating
Llyod Jacob,Install Monetizer,Operating
 Vince Mundy,Install Monetizer,Operating
Ilya Sukhar,Parse,Exited
 James Yu,Parse,Exited
 Kevin Lacker,Parse,Exited
 Tikhon Bernstam,Parse,Exited
David Petersen,BuildZoom,Operating
 Jiyan Wei,BuildZoom,Operating
James Richards,Teleborder,Operating
 Michael Smith,Teleborder,Operating
Ashwin Bharambe,Buxfer,Operating
 Shashank Pandit,Buxfer,Operating
Chris Fanini,Weebly,Operating
 Dan Veltri,Weebly,Operating
 David Rusenko,Weebly,Operating
Andres Morey,Octopart,Operating
 Harish Agarwal,Octopart,Operating
 Sam Wurzel,Octopart,Operating
Daniel Ha,Disqus,Operating
 Jason Yan,Disqus,Operating
Nikki Durkin,99dresses,Operating
Jon Li,Butter Systems,Operating
 Sam Brin,Butter Systems,Operating
Adam Smith,Xobni,Exited
 Matt Brezina,Xobni,Exited
Brett Huneycutt,1000Memories,Exited
 Jonathan Good,1000Memories,Exited
 Rudy Adler,1000Memories,Exited
Andrew Lee,Firebase (prev. Envolve),Operating
 James Tamplin,Firebase (prev. Envolve),Operating
Jeff Reynolds,Wevorce,Operating
 Michelle Crosby,Wevorce,Operating
Gee Chuang,Listia,Operating
 James Fong,Listia,Operating
Ooshma Garg,Gobble,Operating
D. Scott Phoenix,Frogmetrics,Dead
 Jeremy Mims,Frogmetrics,Dead
Humberto Evans,CircuitLab,Operating
 Mike Robbins,CircuitLab,Operating
Daniel Kivatinos,Dr Chrono,Operating
 Michael Nusimow,Dr Chrono,Operating
Apoorva Mehta,Instacart,Operating
 Brandon Leonardo,Instacart,Operating
 Max Mullen,Instacart,Operating
Anson Tsui,SpoonRocket,Operating
 Steven Hsiao,SpoonRocket,Operating
Brian Armstrong,Coinbase,Operating
 Fred Ehrsam,Coinbase,Operating
João de Paula,Glio,Operating
 Roberto Riccio,Glio,Operating
Daniel Sperling-Horowitz,HD Trade Services,Operating
 Daniel Sugarman,HD Trade Services,Operating
Chuong Nguyen,DataRank,Operating
 Kenneth Cason,DataRank,Operating
 Ryan Frazier,DataRank,Operating
Chad Etzel,Notifo,Dead
 Paul Stamatiou,Notifo,Dead
Jud Gardner,Comprehend Systems,Operating
 Rick Morrison,Comprehend Systems,Operating
Dan Ruch,Rocketrip,Operating
 Daniel Ruch,Rocketrip,Operating
 Gillian Tee,Rocketrip,Operating
Nikhil Nirmel,Lawdingo,Operating
Weihan Wang,AeroFS,Operating
 Yuri Sagalov,AeroFS,Operating
Andrew Seddon,Circuithub,Operating
 Jon Friedman,Circuithub,Operating
 Rehno Lindeque,Circuithub,Operating
Jonathan Downey,Airware,Operating
Bennett Hoffman,Buttercoin,Operating
 Cedric Dahl,Buttercoin,Operating
Nick Alexander,FreshPlum,Exited
 Sam Odio,FreshPlum,Exited
Brett Gibson,Posterous,Exited
 Garry Tan,Posterous,Exited
 Sachin Agarwal,Posterous,Exited
Andrew Fong,Kirkland North,Dead
 Gabe Smedresman,Kirkland North,Dead
Jeffrey Brice,TrustEgg,Operating
 John Zdanowski,TrustEgg,Operating
Seth Bannon,Amicus,Operating
Anand Kulkarni,MobileWorks,Operating
 David Rolnitzky,MobileWorks,Operating
 Philipp Gutheim,MobileWorks,Operating
 Prayag Narula,MobileWorks,Operating
Aaron Feuer,Panorama Education,Operating
 David Carel,Panorama Education,Operating
 Xan Tanner,Panorama Education,Operating
Aditya Bali,BufferBox,Exited
 Jay Shah,BufferBox,Exited
 Mike McCauley,BufferBox,Exited
Patrick Riley,Ark,Operating
 Yiming Liu,Ark,Operating
Art Chang,FanPulse,Exited
 Joe Pestro,FanPulse,Exited
 Vishwas Prabhakara,FanPulse,Exited
Cesar Del Solar,Leftronic,Operating
 Jyotindra Vasudeo,Leftronic,Operating
 Lionel Jingles,Leftronic,Operating
 Rajiv Ghanta,Leftronic,Operating
Natalie Downe,Lanyrd,Exited
 Simon Willison,Lanyrd,Exited
David Tran,Crowdbooster,Operating
 Mark Linsey,Crowdbooster,Operating
 Ricky Yean,Crowdbooster,Operating
Aarjav Trivedi,InstantCab,Operating
Edward Kim,ZenPayroll,Operating
 Joshua Reeves,ZenPayroll,Operating
 Tomer London,ZenPayroll,Operating
Jon Wheatley,DailyBooth,Exited
 Ryan Amos,DailyBooth,Exited
Suhail Doshi,Mixpanel,Operating
 Tim Trefren,Mixpanel,Operating
Brian Trautschold,Ambition,Operating
 Jared Houghton,Ambition,Operating
 Travis Truett,Ambition,Operating
 Wes Kendall,Ambition,Operating
Ammon Bartram,SocialCam,Exited
 Justin Kan,SocialCam,Exited
 Kyle Vogt,SocialCam,Exited
Jason Novek,SeeingInteractive,Operating
 Jeremy Mims,SeeingInteractive,Operating
 Lloyd Armbrust,SeeingInteractive,Operating
Ernest Ngaruiya,E la Carte,Operating
 Rajat Suri,E la Carte,Operating
Aditya Rathnam,Kamcord,Operating
 Kevin Wang,Kamcord,Operating
 Matt Zitzmann,Kamcord,Operating
Scott Milliken,MixRank,Operating
Henry Lee,OrderAhead,Operating
 Jeffrey Byun,OrderAhead,Operating
Anson Tsai,CardPool,Exited
 Timothy Wong,CardPool,Exited
Lauren McLeod,FlightFox,Operating
 Todd Sullivan,FlightFox,Operating
Al Abut,Refer.ly,Operating
 Danielle Morrill,Refer.ly,Operating
 Kevin Morrill,Refer.ly,Operating
Aaron Cheung,HomeJoy,Operating
 Adora Cheung,HomeJoy,Operating
Matt Doka,Five Stars,Operating
 Victor Ho,Five Stars,Operating
Ash Rust,SendHub,Operating
 Garrett Johnson,SendHub,Operating
 John Fallone,SendHub,Operating
 Ryan Pfeffer,SendHub,Operating
AJ Asver,Scoopler,Exited
 Benjamin Tauber,Scoopler,Exited
 Dilan Jayawardane,Scoopler,Exited
Sunny Tsang,Anyperk,Operating
Aaron Grant,Thalmic Labs (Myo),Operating
 Matthew Bailey,Thalmic Labs (Myo),Operating
 Stephen Lake,Thalmic Labs (Myo),Operating
Jaclyn Konzelmann,Amulyte,Operating
 Perry Haldenby,Amulyte,Operating
Calvin French-Owen,Segment.io,Operating
 Ian Storm Taylor,Segment.io,Operating
 Ilya Volodarsky,Segment.io,Operating
 Peter Reinhardt,Segment.io,Operating
Michael Carvin,SmartAsset,Operating
 Philip Camilleri,SmartAsset,Operating
Anton Krutiansky,Pair,Operating
 Aswin Rajendiran,Pair,Operating
 Jamie Murai,Pair,Operating
 Michael Petrov,Pair,Operating
 Oleg Kostour,Pair,Operating
Fenn Bailey,Adioso,Operating
 Tom Howard,Adioso,Operating
Dan Siroker,Optimizely,Operating
 Pete Koomen,Optimizely,Operating
Matt Riley,Swiftype,Operating
 Quin Hoxie,Swiftype,Operating
Corey Pierson,Custora,Operating
 Jon Pospischil,Custora,Operating
Bennett Rogers,Crocodoc,Exited
 Matt Long,Crocodoc,Exited
 Peter Lai,Crocodoc,Exited
 Ryan Damico,Crocodoc,Exited
Andrew Look,URX,Operating
 James Turner,URX,Operating
 John Milinovich,URX,Operating
 Nathanael Smith,URX,Operating
Dan Knox,Science Exchange,Operating
 Elizabeth Iorns,Science Exchange,Operating
 Ryan Abbott,Science Exchange,Operating
Ray Chan,9GAG,Operating
Immad Akhund,Heyzap,Operating
 Jude Gomila,Heyzap,Operating
Byron Milligan,Stypi,Exited
 Jason Chen,Stypi,Exited
Sean Lynch,TapEngage,Exited
Bryan Beshore,Keychain Logistics,Operating
 Garrett Wilson,Keychain Logistics,Operating
Bill Clerico,WePay,Operating
Dave Gausebeck,MatterPort,Operating
 Matt Bell,MatterPort,Operating
 Mike Beebe,MatterPort,Operating
Adam Wiggins,Heroku,Exited
 James Lindenbaum,Heroku,Exited
Adam Regelman,Quartzy,Operating
 Ajoy Sojan,Quartzy,Operating
 Jayant Kulkarni,Quartzy,Operating
Bob Tekiela,500Friends,Operating
 Hong Hu,500Friends,Operating
 Justin Yoshimura,500Friends,Operating
Adam Goldstein,Hipmunk,Operating
 Steve Huffman,Hipmunk,Operating
Katelyn Gleason,Eligible,Operating
Sean Ahrens,Healthy Labs,Operating
Anthony Nemitz,SwipeGood,Operating
 Steli Efti,SwipeGood,Operating
 Thomas Steinacher,SwipeGood,Operating
Chrys Bader-Wechseler,Vidly / Fliggo,Dead
 Daniel Rhodes,Vidly / Fliggo,Dead
 Greggory Heil,Vidly / Fliggo,Dead
Gustav Rydstedt,Verbling,Operating
 Jake Jolis,Verbling,Operating
 Mikael Bernstein,Verbling,Operating
Alex Selig,SoundFocus,Operating
Andrea Barrica,Indinero,Operating
 Andy Su,Indinero,Operating
Darshan Shankar,NowJS,Operating
Gabor Cselle,reMail,Exited
Brad Cater,Snaptalent,Dead
 Jamie Quint,Snaptalent,Dead
 Sumon Sadhu,Snaptalent,Dead
 Tim Davey,Snaptalent,Dead
Paul Mikesell,Clustrix,Operating
 Sergei Tsarev,Clustrix,Operating
Aaron Harris,Tutorspree,Exited
 Josh Abrams,Tutorspree,Exited
 Ryan Bednar,Tutorspree,Exited
Arash Ferdowsi,Dropbox,Operating
 Drew Houston,Dropbox,Operating
John Collison,Stripe,Operating
 Patrick Collison,Stripe,Operating
Aaron Iba,Appjet,Exited
 David Greenspan,Appjet,Exited
 J.D. Zamfirescu,Appjet,Exited
Devon Galloway,Vidyard,Operating
 Edward Wu,Vidyard,Operating
 Michael Litt,Vidyard,Operating
Mehul Nariyawala,Flutter,Exited
 Navneet Dalal,Flutter,Exited
Yuriy Romaniw,ViaCycle,Operating
Gordon Chen,YouGotListings,Operating
Thomas Escourrou,SellStage (now Videopixie),Operating
 Tom Saffell,SellStage (now Videopixie),Operating
Nitesh Goel,Padlet,Operating
 Pranav Piyush,Padlet,Operating
Michael Waxman,Grouper,Operating
 Tom Brown,Grouper,Operating
Jeffrey Rosen,Humble Bundle,Operating
 John Graham,Humble Bundle,Operating
Jaigouk Kim,Scoutzie,Operating
 Jennifer Toda,Scoutzie,Operating
 Kelly Smith,Scoutzie,Operating
 Kirill Zubovsky,Scoutzie,Operating
Ajay Mehta,FamilyLeaf,Exited
 Brandon Paton,FamilyLeaf,Exited
 Henry Liu,FamilyLeaf,Exited
 Wesley Zhao,FamilyLeaf,Exited
James Beshara,Crowdtilt,Operating
 Khaled Hussein,Crowdtilt,Operating
Josh Buckley,MinoMonsters,Operating
 TJ Murphy,MinoMonsters,Operating
Julien Coustaury,DoubleRecall,Operating
 Miha Rebernik,DoubleRecall,Operating
 Robert Farazin,DoubleRecall,Operating
 Rok Gregoric,DoubleRecall,Operating
 Rok Krulec,DoubleRecall,Operating
Ben Wyrosdick,MongoHQ,Operating
 Jason McCay,MongoHQ,Operating
 Kurt Mackey,MongoHQ,Operating
Jarrett Streebin,EasyPost,Operating
 Jon Calhoun,EasyPost,Operating
AJ Forsythe,iCracked,Operating
 Anthony Martin,iCracked,Operating
James Balmain,Zesty,Operating
 Lloyd Price,Zesty,Operating
Bradford Cross,Flightcaster,Exited
 Evan Konwiser,Flightcaster,Exited
 James Bracy,Flightcaster,Exited
 Jason Freedman,Flightcaster,Exited
 Jon Bracy,Flightcaster,Exited
David Zhao,Zecter (Versionate),Exited
 Kevin West,Zecter (Versionate),Exited
 Vijay Mani,Zecter (Versionate),Exited
Bruce Tribbensee,Submittable,Operating
 John Brownell,Submittable,Operating
 Michael FitzGerald,Submittable,Operating
Daniel Wagner,Loom (prev. PopSet),Operating
 Jan Senderek,Loom (prev. PopSet),Operating
 Philipp Wein,Loom (prev. PopSet),Operating
Ian Hogarth,Songkick,Operating
 Michelle You,Songkick,Operating
 Pete Smith,Songkick,Operating
Jernej Zorec,Povio,Operating
 Matevz Petek,Povio,Operating
 Samo Kralj,Povio,Operating
Jeremy Orlow,Apptimize,Operating
 Nancy Hua,Apptimize,Operating
Bryant Chou,Webflow,Operating
 Sergie Magdalin,Webflow,Operating
 Vlad Magdalin,Webflow,Operating
Aaron Wenger,Survata,Operating
 Chris Kelly,Survata,Operating
Neel Murthy,SwapBox,Operating
 Nitin Shantharam,SwapBox,Operating
Dain Lewis,HireArt,Operating
 Elli Sharef,HireArt,Operating
 Nicholas Sedlet,HireArt,Operating
Christopher Golda,Backtype,Exited
 Michael Montano,Backtype,Exited
Cindy Wu,Experiment (prev. Microryza),Operating
 Denny Luan,Experiment (prev. Microryza),Operating
 Skander Mzali,Experiment (prev. Microryza),Operating
Ryan Bubinski,Codecademy,Operating
 Zach Sims,Codecademy,Operating
Jason Konrad,Answerly.com,Dead
 Joe Fahrner,Answerly.com,Dead
Michael Woodworth,Upverter,Operating
 Stephen Hamer,Upverter,Operating
 Zak Homuth,Upverter,Operating
Michael Glukhovsky,RethinkDB,Operating
 Slava Akhmechet,RethinkDB,Operating
Francisco Tolmasky,280 North,Exited
 Ross Boucher,280 North,Exited
 Tom Robinson,280 North,Exited
Cathy Han,42,Operating
 Nick Porter,42,Operating
Jason Wilk,140bets,Operating
 Paras Chitakar,140bets,Operating
Amanda Kahlow,6sense,Operating
 Dustin Chang,6sense,Operating
 Premal Shah,6sense,Operating
 Shane Moriah,6sense,Operating
 Viral Bajaria,6sense,Operating
Glen Moriarty,7 Cups of Tea,Operating
David Fowler,8aweek,Dead
 Zachary Garbow,8aweek,Dead
Josh Halickman,Abacus,Operating
 Omar Qari,Abacus,Operating
 Ted Power,Abacus,Operating
Brian Nguyen,Airbrite,Operating
 Chris Tsai,Airbrite,Operating
 Peter Shih,Airbrite,Operating
Igor Lebovic,AirPair,Operating
 Jonathon Kresner,AirPair,Operating
 Maksim Ioffe,AirPair,Operating
Dan Morin,Anyvite,Operating
 Jeff Morin,Anyvite,Operating
Cameron Urban,AnyVivo,Operating
Anson Tsai,Anywhere.fm,Exited
 Luxiou Chen,Anywhere.fm,Exited
 Sachin Rekhi,Anywhere.fm,Exited
Kalam Dennis,AptDeco,Operating
 Reham Fagiri,AptDeco,Operating
Chas Ballew,Aptible,Operating
 Frank Macreery,Aptible,Operating
David Palmer,Automatic,Operating
 Jerry Jariyasunant,Automatic,Operating
 Ljuba Miljkovic,Automatic,Operating
 Ram Jayaraman,Automatic,Operating
 Thejo Kote,Automatic,Operating
Dannie Chu,B2Brev,Operating
 Jay Moon,B2Brev,Operating
Fahim Aziz,Backpack,Operating
 Sakib Hasan Sauro,Backpack,Operating
Patrick Swieskowski,BaseShield,Operating
 Sascha Kuzins,BaseShield,Operating
Andrew Jiang,Bayes Impact,Operating
 Eric Liu,Bayes Impact,Operating
 Paul Duan,Bayes Impact,Operating
Daniel Conrad,Beep,Operating
 Shawn Lewis,Beep,Operating
Sandro Mur,Bellabeat,Operating
 Urška Sršen,Bellabeat,Operating
Chris Roebuck,BigCalc,Operating
 Dharmesh Malam,BigCalc,Operating
 Rikin Shah,BigCalc,Operating
Daniel Terhorst,Biographicon,Dead
 Ethan Herdrick,Biographicon,Dead
Daniel Lopez,BitNami,Operating
 Erica Brescia,BitNami,Operating
Alexander Chang,Boostable,Operating
 Selcuk Atli,Boostable,Operating
John Puskarich,Bountii,Operating
 Samir Meghani,Bountii,Operating
Sean Grove,Bushido,Dead
Jake Heller,Casetext,Operating
 Joanna Huey,Casetext,Operating
Abel Lin,Caviar,Operating
 Andy Zhang,Caviar,Operating
 Jason Wang,Caviar,Operating
 Richard Din,Caviar,Operating
 Shawn Tsao,Caviar,Operating
Kenshi Arasaki,Chatterous,Operating
 Wilkins Chung,Chatterous,Operating
Daniel Yanisse,Checkr,Operating
 Jonathan Perichon,Checkr,Operating
Aaron Epstein,ChromaOm,Operating
Archit Gupta,ClearTax,Operating
Chris Field,Clerky,Operating
 Darby Wong,Clerky,Operating
Michael Caruso,ClickFacts,Operating
Immad Akhund,Clickpass,Exited
 Peter Nixey,Clickpass,Exited
Eric Florenzano,Clutch.io,Exited
 Eric Maguire,Clutch.io,Exited
Alexander Wissner-Gross,CO2Stats,Operating
 Timothy Sullivan,CO2Stats,Operating
Jordan Lee,Collections,Operating
Michael Horn,Craft Coffee,Operating
Aditya Viswanathan,Crowdery,Operating
 Maran Nelson,Crowdery,Operating
Erik Berls,Cryptoseal,Dead
 Ryan Lackey,Cryptoseal,Dead
 Tom Sparks,Cryptoseal,Dead
Charlie Pinto,Cube,Operating
 Joel Christner,Cube,Operating
Matthew Hodan,datamarketplace,Exited
 Steve DeWald,datamarketplace,Exited
Benjamin Lerner,DataNitro,Operating
 Victor Jakubiuk,DataNitro,Operating
Paul Mckellar,Deluux,Dead
 Philipp Pfeiffenberger,Deluux,Dead
Scott Wheeler,DirectedEdge,Operating
 Valentin Hussong,DirectedEdge,Operating
Sam Odio,Divvyshot,Exited
Doktor Gurson,Doblet,Operating
 Jeff Chang,Doblet,Operating
David Cann,Double Robotics,Operating
 Marc DeVidts,Double Robotics,Operating
Nathan Kontny,Draft,Operating
Chad Remesch,Draftmix,Operating
Ben Ogle,Easel,Operating
 Len Hafetz,Easel,Operating
 Matt Colyer,Easel,Operating
Niall Smart,Echodio,Exited
Arend Naylor,Embedster,Dead
Karl White,Eventjoy,Operating
 Todd Goldberg,Eventjoy,Operating
Amir Ghazvinian,Exec,Operating
 Daniel Kan,Exec,Operating
 Justin Kan,Exec,Operating
Luke Francl,FanChatter,Operating
 Marty Wetherall,FanChatter,Operating
 Nate Kimmons,FanChatter,Operating
 Norm Orstad,FanChatter,Operating
CJ Huang,Firecrawl,Exited
 Gerald Yuen,Firecrawl,Exited
 Philip Yuen,Firecrawl,Exited
George Fraser,Fivetran,Operating
 Taylor Brown,Fivetran,Operating
Matt Colyer Cole Rise,Flagr,Dead
Aakash Patel,Flytenow,Operating
 Alan Guichard,Flytenow,Operating
 Andrew Mass,Flytenow,Operating
 Matt Voska,Flytenow,Operating
Elliot Block,Framed Data,Operating
 Thomson Nguyen,Framed Data,Operating
Devin Hunt,Fuzzwich,Dead
 Ryan Seekely,Fuzzwich,Dead
Kevin Lacker,Gamador,Operating
Federico Barbagli,Gantto,Exited
Jonathan Pines,Giftrocket,Operating
 Kapil Kale,Giftrocket,Operating
 Nicolas Baum,Giftrocket,Operating
Jason Kelly,Ginko Bioworks,Operating
Geoffrey Woo,Glassmap,Exited
 Jon Zhang,Glassmap,Exited
 Jonathan Chang,Glassmap,Exited
Antony Evans,Glowing Plant,Operating
Jared Tame,GraffitiGeo,Exited
 Nikhil Pandit,GraffitiGeo,Exited
 Teng Siong Ong,GraffitiGeo,Exited
Anthony Ko,Graft Concepts,Operating
 Danny Wen,Graft Concepts,Operating
 Peter Szucs,Graft Concepts,Operating
Andrew Kurland,Greentoe,Operating
 Joe Marrapodi,Greentoe,Operating
Nate Luzod,Grid,Operating
 Paul Tibbert,Grid,Operating
Eric Florenzano,Grove,Operating
 Eric Maguire,Grove,Operating
 Leah Culver,Grove,Operating
Frost Li,Hackermeter,Exited
Joseph Walla,HelloFax,Operating
 Neal O'Mara,HelloFax,Operating
Markus Jura,HiMom,Operating
 Martin Poschenrieder,HiMom,Operating
James Levy,HipType,Dead
 Sohail Prasad,HipType,Dead
Ahmed Galal,HoverChat,Operating
 Mostafa Gazar,HoverChat,Operating
 Wael Nafee,HoverChat,Operating
Jonathan Deutsch,Hype,Operating
 Ryan Nielsen,Hype,Operating
Bilal Farooqui,iJigg,Dead
 Rodolfo Sikora,iJigg,Dead
 Shadab Farooqui,iJigg,Dead
 Zaid Farooqui,iJigg,Dead
Gabe Ragland,imgfave,Operating
Howie Diamond,Immunity Project,Operating
 Ian Cinnamon,Immunity Project,Operating
 Naveen Jain,Immunity Project,Operating
 Reid Rubsamen,Immunity Project,Operating
Arnaud Camus,Impraise,Operating
 Bas Kohnke,Impraise,Operating
 Filipe Dobreira,Impraise,Operating
 Steffen Maier,Impraise,Operating
Kay Shaikh,Infogami,Exited
Kovas Boguta,Infoharmoni,Dead
Adam Siegel,InklingMarkets,Exited
Dana Levine,InstantQ,Dead
Simon Fletcher,Interstate,Operating
Casey Muller,JamGlue,Dead
 Divya Bhat,JamGlue,Dead
 Gautam Jayaraman,JamGlue,Dead
Brian Eggleston,Joberator,Operating
 Jorge Ortiz,Joberator,Operating
Andrew McCollum,Jobspice,Operating
 Dane Hurtubise,Jobspice,Operating
 Keller Rinaudo,Jobspice,Operating
Emmett Shear,Kiko,Exited
 Justin Kan,Kiko,Exited
Jori Lallo,Kippt,Operating
 Karri Saarinen,Kippt,Operating
Jonathan Beilin,Koduco,Dead
Martin Drashkov,Kyte,Operating
 Renat Gataullin,Kyte,Operating
Alex Krupp,Launchhear,Operating
 Allan Young,Launchhear,Operating
Andy Russell,Launchpad Toys,Operating
 Thushan Amarasiriwardena,Launchpad Toys,Operating
Jeremy Yamaguchi,Lawn Love,Operating
Brett Northart,Le Tote,Operating
 Rakesh Tondon,Le Tote,Operating
Darren Nix,Leaky,Exited
 Geoffry Sumter,Leaky,Exited
 Jake Piccolo,Leaky,Exited
 Jason Traff,Leaky,Exited
Daniël W. Crompton,LeanMarket,Operating
 Grace Ng,LeanMarket,Operating
 Trevor Owens,LeanMarket,Operating
Chris Chen,Like.fm,Operating
Bryan Kennedy,LikeBetter,Dead
Chris Varenhorst,Lingt,Exited
 Justin Cannon,Lingt,Exited
David Tolioupov,LocalOn,Operating
 Shahbano Imran,LocalOn,Operating
David Mohs,Lollipuff,Operating
 Fei Deyle,Lollipuff,Operating
 Travis Deyle,Lollipuff,Operating
Aarthi Ramamurthy,Lumoid,Operating
 Eric Schoonover,Lumoid,Operating
Alex Lin,LVL6,Operating
Gabriel Leydon,Machine Zone (prev Addmired),Operating
 Halbert Nakagawa,Machine Zone (prev Addmired),Operating
 Michael Sherrill,Machine Zone (prev Addmired),Operating
Chris Auer,MarketBrief,Operating
 Jason Zucchetto,MarketBrief,Operating
 Michael Shafrir,MarketBrief,Operating
Allagappan Muthuraman,Markupwand,Operating
 Rajagopal Natarajan,Markupwand,Operating
 Surendran Mahendran,Markupwand,Operating
Bradford Toney,Medigram,Operating
 Yuhao Ding,Medigram,Operating
Anton Vaynshtok,Meldium,Operating
 Boris Jabes,Meldium,Operating
 Bradley Buda,Meldium,Operating
Jason Gavris,MessageParty,Operating
 Sean Ahrens,MessageParty,Operating
Ernie Park,MicroEval,Operating
 Sam O'Keefe,MicroEval,Operating
Michael Christoff,Mixwit,Dead
 Radley Marx,Mixwit,Dead
Bill Bobbitt,Move Loot,Operating
 Jenny Karin Morrill,Move Loot,Operating
 Ryan Smith,Move Loot,Operating
 Shruti Shah,Move Loot,Operating
Mandar Agte,Mth Sense,Operating
Andy Zhang,Munch On Me,Exited
 Jason Wang,Munch On Me,Exited
 Richard Din,Munch On Me,Exited
 Steven Chen,Munch On Me,Exited
 Tony Li,Munch On Me,Exited
James Boyle,Nambii,Dead
 Jody Grigs,Nambii,Dead
Craig Soules,Natero,Operating
 Craig Soules,Natero,Operating
 Garth Goodson,Natero,Operating
 Tanya Shastri,Natero,Operating
ET Ridgely,Naytev,Operating
 Michael Seid,Naytev,Operating
 Patrick Costello,Naytev,Operating
 Zack Liscio,Naytev,Operating
Kiran Gollu,Neptune.io,Operating
 Satish Talluri,Neptune.io,Operating
Nathan Chong,NewsLabs,Dead
 Paul Biggar,NewsLabs,Dead
Gianni Martire,Next Caller,Operating
 Ian Roncoroni,Next Caller,Operating
Delian Asparouhov,Nightingale,Operating
 Eric Bakan,Nightingale,Operating
Edith Elliott,Noora Health,Operating
 Jessie Liu,Noora Health,Operating
 Katy Ashe,Noora Health,Operating
 Shahed Alam,Noora Health,Operating
Shawn Gupta,OhLife,Operating
Nick Greenfield,One Codex,Operating
 Nik Krumm,One Codex,Operating
Muneeb Ali,Onename.io,Operating
 Ryan Shea,Onename.io,Operating
Jeff Pickhardt,OrbsCCG,Operating
Jeff Widman,PageLever,Exited
 W David Turner,PageLever,Exited
Hamilton Chan,Paperlinks,Operating
Blake Ross,Parakey,Exited
 Joe Hewitt,Parakey,Exited
Dafna Pressler,Parallel Universe,Operating
 Ron Pressler,Parallel Universe,Operating
Pouyan Salehi,PersistIQ,Operating
Noga Leviner,PicnicHealth,Operating
 Troy Astorino,PicnicHealth,Operating
Paul Stamatiou,PicPlum,Operating
Alper Cakir,Picurio,Operating
 Jonathan Berger,Picurio,Operating
 Laura Savidge,Picurio,Operating
 Michael Kodiak,Picurio,Operating
Edward Kim,Picwing,Exited
 Enrique Rodriguez,Picwing,Exited
Michael Ricordeau,Plivo,Operating
 Venky B,Plivo,Operating
Hannes Hesse,PopCuts,Dead
 Kevin Mateo Lim,PopCuts,Dead
 Yiming Liu,PopCuts,Dead
Ryan Hoover,ProductHunt,Operating
Anantha Katragadda,Profig,Operating
 Vamsi Katragadda,Profig,Operating
Ethan Fast,Proxino,Operating
 Muzzammil Zaveri,Proxino,Operating
James Harvey,QuicklyChat,Operating
 Shuang You,QuicklyChat,Operating
 Yuran Lu,QuicklyChat,Operating
Vinay Pulim,Reble,Dead
Aaron Swartz,Reddit,Exited
 Alexis Ohanian,Reddit,Exited
 Steve Huffman,Reddit,Exited
Christian Yang,ReelSurfer,Operating
 Neil Joglekar,ReelSurfer,Operating
Jeremy Poteck,RegistryLove,Dead
 Marika Chen,RegistryLove,Dead
 Sofia Chen,RegistryLove,Dead
Lee Lin,RentHop,Operating
James D. Shkolnik,Rentobo,Operating
 Matt Kopko,Rentobo,Operating
 Nikhil Abraham,Rentobo,Operating
 Shaun Davis,Rentobo,Operating
Adam McKenzie,Rescale,Operating
 Joris Poort,Rescale,Operating
Divya Bhat,Rickshaw,Operating
 Gautam Jayaraman,Rickshaw,Operating
Chad Rigetti,Rigetti Computing,Operating
Allison Huynh,ScreenLeap,Operating
 Julie Edwards,ScreenLeap,Operating
 Lawrence Gentilello,ScreenLeap,Operating
 Steven Liu,ScreenLeap,Operating
 Tuyen Truong,ScreenLeap,Operating
Govind Chandrasekhar,Semantics3,Operating
 Sivamani Varun,Semantics3,Operating
 Vinoth Gopinathan,Semantics3,Operating
John Egan,Sendoid,Exited
 Zac Morris,Sendoid,Exited
Brad Van Vugt,Sendwithus,Operating
 Matt Harris,Sendwithus,Operating
Eugene Otto,Shift Payments,Operating
 Greg Kidd,Shift Payments,Operating
 Meg Nakamura,Shift Payments,Operating
Dhruv Saxena,ShipBob,Operating
 Divey Gulati,ShipBob,Operating
Louise Broni-Mensah,Shoobs,Operating
Fred Cheng,Simperium,Operating
 Michael Johnston,Simperium,Operating
 Mike Johnston,Simperium,Operating
Nathan Wenzel,SimpleLegal,Operating
 Patrik Outericky,SimpleLegal,Operating
Christopher Finneral,SketchDeck,Operating
 David Mack,SketchDeck,Operating
Brett Gibson,Slinkset,Exited
 John Baunach,Slinkset,Exited
David Fowler,Socialbrowse,Dead
 Zachary Garbow,Socialbrowse,Dead
Curtis Liu,Sonalight,Operating
 Spenser Skates,Sonalight,Operating
Ian Tien,SpinPunch,Operating
Baldwin Cunningham,Sponsorfied,Operating
 Stuart Ross,Sponsorfied,Operating
Gordon Wintrob,StackLead,Operating
 Ted Tomlinson,StackLead,Operating
Brent Goldman,Standard Treasury,Operating
 Daniel Kimerling,Standard Treasury,Operating
 Zac Townsend,Standard Treasury,Operating
Ben Wong,Startuply,Operating
 Loc Ngo,Startuply,Operating
 Luke Groesbeck,Startuply,Operating
Kendall Herbst,StyleUp,Operating
Amiad Soto,Superhost,Operating
 Koby Soto,Superhost,Operating
Michael Ma,TalkBin,Exited
 Qasar Younis,TalkBin,Exited
David Kelso,TapIn,Dead
 James Black,TapIn,Dead
 Thomas Pun,TapIn,Dead
Andrew Sugaya,Teevox,Operating
 Jong-Moon Kim,Teevox,Operating
Conor Lee,TellFi,Operating
 Jason Corwin,TellFi,Operating
 Zain Memon,TellFi,Operating
Adam Helybely,Terascore,Operating
 Balazs Moldovanyi,Terascore,Operating
 Viktor Takacs,Terascore,Operating
 Zsolt Muller,Terascore,Operating
Cornell Wright,TerrAvion,Operating
 Robert Morris,TerrAvion,Operating
Lauren Kay,The Dating Ring,Operating
Alex Chung,The Fridge,Exited
Adam Roberts,Theorem,Operating
 Ryan Jackson,Theorem,Operating
James Miao,TheSixtyOne,Operating
 Samuel Hsiung,TheSixtyOne,Operating
Brian Phillips,Thread,Operating
 Katherine Woo,Thread,Operating
 Skye Lee,Thread,Operating
Aaron Muszalski,Threadable,Operating
 Ian Baker,Threadable,Operating
 Jared Grippe,Threadable,Operating
 Nicole Aptekar,Threadable,Operating
Ian Roberts,TicketLabs,Operating
 Patrick Hannigan,TicketLabs,Operating
Dan Haubert,TicketStumbler,Dead
 Tom Davis,TicketStumbler,Dead
Kyle Kilat,Tiempo,Operating
 Peter Terrill,Tiempo,Operating
 Tad Milbourn,Tiempo,Operating
Chase Sechrist,Tracks.by,Operating
 Matt Schlicht,Tracks.by,Operating
 Mazy Kazerooni,Tracks.by,Operating
Greg Schvey,TradeBlock,Operating
 Jeff Schvey,TradeBlock,Operating
Jason Wang,TrueVault,Operating
 Trey Swann,TrueVault,Operating
Radu Spineanu,Two Tap,Operating
 Razvan Roman,Two Tap,Operating
Jessica Richman,uBiome,Operating
 Zachary Apte,uBiome,Operating
João Graça,Unbabel,Operating
 Vasco Calais Pedro,Unbabel,Operating
Cesar Alaniz,Userfox,Operating
 Peter Clark,Userfox,Operating
Randall Bennett,Vidpresso,Operating
Alexander Blessing,VoiceGem,Exited
 Arda Kara,VoiceGem,Exited
Brett Leonard,Walksource,Operating
 Jakub Vysoky,Walksource,Operating
 Max Izmaylov,Walksource,Operating
 Vlad Blumen,Walksource,Operating
Ishaan Gulrajani,Watchsend,Operating
 Zain Shah,Watchsend,Operating
Brandon Rodman,Weave,Operating
 Jared Rodman,Weave,Operating
Ray Wu,Weilos,Operating
Nick Baum,WhereBerry,Operating
James Gregory,Whereoscope,Dead
 Mick Johnson,Whereoscope,Dead
Alex Lebrun,Wit.ai,Operating
 Willy Blandin,Wit.ai,Operating
Jesse Patel,Workflowy,Operating
 Mike Turitzin,Workflowy,Operating
Andrew Dudley,Wundrbar,Dead
 Nick Grandy,Wundrbar,Dead
Ed McManus,Yardsale,Operating
 Ryan Mickle,Yardsale,Operating
Asif Rahman,Youlicit,Dead
 Nihaar Gupta,Youlicit,Dead
 Omar Radi,Youlicit,Dead
 Toufique Harun,Youlicit,Dead
Joe Wong,YouOS,Exited
 Margaret Wong,YouOS,Exited
 Srini Panguluri,YouOS,Exited
Mark Rosetta,YumDots,Dead
 Raza Mobin,YumDots,Dead
Tristan Zier,Zen99,Operating
 Yan Lhert,Zen99,Operating
Robby Walker,Zenter,Exited
 Wayne Crosby,Zenter,Exited
Amir Hirsch,Zigfu,Operating
Brian Krejcarek,ZowPow,Operating
 Jennifer Lu,ZowPow,Operating
Navneet Loiwal,Shopular,Operating
 Tommy Tsai,Shopular,Operating
Joey Liaw,Voxli,Dead
Evan Stites-Clayton,Teespring,Operating
 Walker Williams,Teespring,Operating
Anand Dass,Filepicker.io,Operating
 Brett van Zuiden,Filepicker.io,Operating
 Liyan Chang,Filepicker.io,Operating
 Thomas Georgiou,Filepicker.io,Operating
David Kelso,Nowmov,Dead
 James Black,Nowmov,Dead
 Thomas Pun,Nowmov,Dead
Dino Ha Hyungseok,Memebox,Operating
 Doin Kim,Memebox,Operating
Kevin Corcoran,Adpinion,Dead
 Luke Iannini,Adpinion,Dead
 Michael Jacobs,Adpinion,Dead
Adam Hooper,RealCrowd,Operating
 Andy Norborg,RealCrowd,Operating
 JD Conley,RealCrowd,Operating
 Roman Rosario,RealCrowd,Operating
Alexander Debelov,Virool,Operating
 Vladimir Gurgov,Virool,Operating
Bryan Helmig,Zapier,Operating
 Mike Knoop,Zapier,Operating
 Wade Foster,Zapier,Operating
Ben Sand,Meta Space Glasses,Operating
 Meron Gribetz,Meta Space Glasses,Operating
 Raymond Lo,Meta Space Glasses,Operating
Chris Castiglione,One Month Rails,Operating
 Mattan Griffel,One Month Rails,Operating
Danny Olinsky,StatusPage,Operating
 Scott Klein,StatusPage,Operating
 Steven Klein,StatusPage,Operating
Greg Belote,WeFunder,Operating
 Mike Norman,WeFunder,Operating
 Nick Tommarello,WeFunder,Operating
Olga Vidisheva,Shoptiques,Operating
Brad Koch,FarmLogs,Operating
 Jesse Vollmar,FarmLogs,Operating
Amitav Chakravartty,Zaranga,Operating
 Anirban Bardalaye,Zaranga,Operating
Ignacio Thayer,ReadyForZero,Operating
 Rod Ebrahimi,ReadyForZero,Operating
Daniel Levine,Chart.io,Operating
 Dave Fowler,Chart.io,Operating
 David Fowler,Chart.io,Operating
Michael J.T. O'Kelly,HighlightCam,Dead
 Michael Katsevman,HighlightCam,Dead
Claire McDonnell,True Link Financial,Operating
Andy Fang,DoorDash,Operating
 Evan Moore,DoorDash,Operating
 Stanley Tang,DoorDash,Operating
 Tony Xu,DoorDash,Operating
Omar Bohsali,Priceonomics,Operating
 Rohin Dhar,Priceonomics,Operating
Brian Fioca,RescueTime,Operating
 Joe Hruska,RescueTime,Operating
 Tony Wright,RescueTime,Operating
Alok Deshpande,Loopt,Exited
 Nick Sivo,Loopt,Exited
 Sam Altman,Loopt,Exited
Courtland Allen,Siasto,Operating
 Niccolo Pantucci,Siasto,Operating
Abdulrahman Tarbzouni,Taskforce,Operating
 Courtland Allen,Taskforce,Operating
 Husain Al-Mohssen,Taskforce,Operating
 Niccolo Pantucci,Taskforce,Operating
Borna Safabakhsh,AgileDiagnosis,Operating
 Kurt Ericson,AgileDiagnosis,Operating
 Scott Freedman,AgileDiagnosis,Operating
Kenny Stone,PlanGrid,Operating
 Ralph Gootee,PlanGrid,Operating
 Ryan Sutton-Gee,PlanGrid,Operating
 Tracy Young,PlanGrid,Operating
Bo Lu,FutureAdvisor,Operating
 Clyde Law,FutureAdvisor,Operating
 Jared McFarland,FutureAdvisor,Operating
 Jon Xu,FutureAdvisor,Operating
David Hodge,Embark,Exited
 Ian Leighton,Embark,Exited
 Taylor Malloy,Embark,Exited
 Tom Hauburger,Embark,Exited
Jamie Wong,Vayable,Operating
Jonathan Tang,Vastrm,Operating
Wil Chung,Noteleaf,Operating
Beau Hartshorne,Snipshot,Exited
 Greg Dingle,Snipshot,Exited
Jareau Wade,Balanced Payments,Operating
 Mahmoud Abdelkader,Balanced Payments,Operating
 Matin Tamizi,Balanced Payments,Operating
Roger Jin,Bridge,Operating
Daniel Carroll,Clever,Operating
 Rafael Garcia,Clever,Operating
 Tyler Bosmeny,Clever,Operating
Arram Sabeti,ZeroCater,Operating
